{
    "train": {
        "metric": 0.20541905266620275
    },
    "test": {
        "metric": 0.331617319133783
    },
    "step": 9
}
