{
    "train": {
        "metric": 0.025264022825609467
    },
    "test": {
        "metric": 0.4283665774063026
    },
    "step": 9
}
