{
    "train": {
        "metric": 0.5951910444862378
    },
    "test": {
        "metric": 0.05655839780862293
    }
}
