{
    "train": {
        "metric": 0.41231998538326775
    },
    "test": {
        "metric": 0.8697207873834336
    },
    "step": 9
}
