step	metric
0	0.7245179019412782
1	0.5729442817145448
2	0.5514244753150699
3	0.06704938820837758
4	0.5804803106649054
5	0.6145212191365775
6	0.3357413459292572
7	0.1977464987214942
8	0.25192050995014825
9	0.41231998538326775
