step	metric
0	0.22446573317546836
1	0.6390345259252771
2	0.0033310129390504706
3	0.6780192247672878
4	0.7100786543163433
5	0.5974243990510153
6	0.4709270770586794
7	0.4163542015710565
8	0.4387985768331645
9	0.025264022825609467
