step	metric
0	0.9399850360550686
1	0.7267550527972294
2	0.8392359856377692
3	0.235191567495598
4	0.638606669980722
5	0.08672308464492828
6	0.9133278117200618
7	0.9856856347552005
8	0.15429956482460072
9	0.20541905266620275
