step	metric
0	0.5099055868457906
0	0.18134299680300503
0	0.9642139624391955
0	0.880650170579834
0	0.11405109721905837
0	0.08818414696994747
0	0.17469574098547913
0	0.5685634835275967
0	0.7382684253189467
0	0.5951910444862378
